{"liver_volume": 1812463.5706709889, "liver_attenuation": 80.84225557866749, "lobes_volumes": {" Lobe 1 ": 23969.321706054357, " Lobe 2 ": 133740.938307912, " Lobe 3 ": 6741.085508466185, " Lobe 4 ": 151546.19677049117, " Lobe 5 ": 63495.346857937264, " Lobe 6 ": 261235.38162020728, " Lobe 7 ": 291579.4254918764, " Lobe 8 ": 390149.48288605176, " Lobe 9 ": 490006.39152199274}, "lobes_attenuation": {" Lobe 1 ": 71.11787217757367, " Lobe 2 ": 83.71611069251318, " Lobe 3 ": 62.9843537414966, " Lobe 4 ": 83.19514037897791, " Lobe 5 ": 77.13988739714162, " Lobe 6 ": 80.63635725935148, " Lobe 7 ": 81.1423543460499, " Lobe 8 ": 80.31333662110751, " Lobe 9 ": 80.88229851108972}, "metric": "SOON"}