


{"Spleen Volume": 213278.42004095597,
 "Spleen Attenuation": 168.89956172388605,
  "Liver Volume": 1809033.4938735426, 
  "Liver/Spleen Attenuation Ratio": 1.1040262965736545, 
  "Lesions Information": {
    "0": {"Major Axis": 17.497106979014887, "Minor Axis": 12.86477461902614, "Volume": 2682.037353515625},
     "1": {"Major Axis": 11.52666584116987, "Minor Axis": 11.274121229667571, "Volume": 892.364501953125}, 
     "2": {"Major Axis": 10.588675433365964, "Minor Axis": 9.34029264889742, "Volume": 813.262939453125}, 
     "3": {"Major Axis": 10.305347077168065, "Minor Axis": 6.595847363883953, "Volume": 393.035888671875}, 
     "4": {"Major Axis": 7.571668140687498, "Minor Axis": 7.32229341951907, "Volume": 363.372802734375}, 
     "5": {"Major Axis": 8.229634879019533, "Minor Axis": 7.65380083141871, "Volume": 338.653564453125}, 
     "6": {"Major Axis": 7.1246071440300724, "Minor Axis": 5.639426864045221, "Volume": 331.23779296875}, 
     "7": {"Major Axis": 8.553796921506473, "Minor Axis": 6.452183895424563, "Volume": 242.24853515625}, 
     "8": {"Major Axis": 6.164336362417328, "Minor Axis": 6.1131391874827194, "Volume": 128.5400390625}, 
     "9": {"Major Axis": 5.86980891091941, "Minor Axis": 4.44730482525208, "Volume": 113.70849609375}, 
     "10": {"Major Axis": 5.22876680223703, "Minor Axis": 4.532542773444251, "Volume": 106.292724609375}
     }, 
    "Sum Of Longest Diameters": 83.93000000000002,
    "Each Lobe Volume": {
        " Lobe 1 ": 16756.543393666965, 
        " Lobe 2 ": 100411.0331920038, 
        " Lobe 3 ": 100259.90831307758, 
        " Lobe 4 ": 137981.59400141722, 
        " Lobe 5 ": 55027.774096283756, 
        " Lobe 6 ": 51625.17454955116, 
        " Lobe 7 ": 44302.48723430834, 
        " Lobe 8 ": 181070.50266253023, 
        " Lobe 9 ": 249424.7433550345
        }, 
    "Each Lobe/Spleen Attenuation Ratio": {
        " Lobe 1 ": 1.0145913473072448, 
        " Lobe 2 ": 1.1300257276231358, 
        " Lobe 3 ": 1.093994968065794, 
        " Lobe 4 ": 1.1401912133509164, 
        " Lobe 5 ": 1.1462745925579805, 
        " Lobe 6 ": 1.0482489553858898, 
        " Lobe 7 ": 1.064276535488007, 
        " Lobe 8 ": 1.0295513162037369, 
        " Lobe 9 ": 1.0816150685108241
    }, 
    " LSVR Metric": 0.30222092083235197,
    "msg" : "The patient's liver volume is 1809.03 cm3, which indicates liver enlargement. The spleen volume is 213.28 cm3, which is larger than the normal range of spleen volume, indicating spleen enlargement and cirrhosis. The liver/spleen attenuation ratio is 1.104, which is within the normal range, indicating no fatty liver diseases like NAFLD or NASH. The lesions' dimensions and volumes are within the normal range, indicating no malignant tumor. However, it's important to continue monitoring these lesions to detect any changes in their dimensions or volumes. The Lobe/Spleen attenuation ratio is within the normal range for most lobes, except for Lobe 1 which has a ratio slightly above 1. This indicates excess fat in Lobe 1, and the patient should be advised to follow a healthy diet and exercise regularly to reduce the fat in this lobe. The LSVR metric is 0.302, which is higher than the normal range of LSVR metric, indicating liver cirrhosis. The patient should be advised to stop drinking alcohol and follow a healthy diet to manage the condition. In conclusion, the patient has liver enlargement, spleen enlargement and cirrhosis, excess fat in Lobe 1, and liver cirrhosis. The patient should be advised to follow a healthy lifestyle, stop drinking alcohol, and continue monitoring the lesions to detect any changes. Further tests and treatments may be required based on the patient's condition."
}